id,name,salary,department_id
1,Zach Hernandez,59546,3
2,Mia Brown,94799,4
3,Xander Moore,80855,4
4,Olivia Lopez,63661,5
5,Alice Garcia,109035,4
6,George Martin,101257,6
7,Ryan Smith,107883,5
8,Mia Taylor,87031,2
9,Wendy Martin,116179,10
10,Emma Williams,56893,1
11,David Jackson,44351,8
12,Thomas Rodriguez,71348,2
13,Paul Hernandez,56113,9
14,Olivia Garcia,43089,3
15,Charlie Thomas,55860,7
16,David Jackson,107949,7
17,Alice Rodriguez,78405,2
18,Xander Lopez,87113,4
19,Quinn Martin,40928,8
20,Sophia Martin,59656,6
21,Charlie Lopez,44865,5
22,Olivia Gonzalez,98934,4
23,Wendy Jones,52458,9
24,Wendy Anderson,83930,1
25,David Lopez,91320,6
26,Hannah Garcia,89987,7
27,Bob Garcia,91946,4
28,Wendy Lopez,83763,5
29,Jack Jackson,112068,6
30,Kelly Taylor,114916,10
31,David Smith,54946,5
32,Yvonne Brown,94506,4
33,Quinn Lopez,103375,8
34,Noah Martinez,82969,8
35,Yvonne Wilson,44191,4
36,Fiona Smith,81271,9
37,Kelly Wilson,81854,2
38,Sophia Hernandez,110719,2
39,Emma Lopez,101175,2
40,Bob Lopez,87617,6
41,David Jones,56276,9
42,Ian Martin,60243,1
43,George Wilson,41318,6
44,Emma Taylor,109559,5
45,Charlie Moore,50545,10
46,Victor Garcia,49461,2
47,Olivia Wilson,108080,2
48,Quinn Davis,49407,6
49,Charlie Williams,119314,7
50,Bob Thomas,73265,8
51,Paul Davis,106978,10
52,Zach Williams,54181,2
53,Liam Taylor,69546,1
54,Sophia Garcia,58634,1
55,Sophia Davis,92675,10
56,Noah Gonzalez,52122,6
57,Charlie Thomas,55706,8
58,David Thomas,104508,3
59,Bob Johnson,88659,10
60,Uma Miller,89000,10
61,Bob Martinez,115440,5
62,Ryan Lopez,41150,3
63,Paul Gonzalez,59165,8
64,Noah Smith,80702,9
65,Alice Rodriguez,70970,5
66,Xander Jones,114345,7
67,Kelly Williams,119218,3
68,Hannah Smith,55459,9
69,Noah Garcia,117621,8
70,Mia Wilson,115878,10
71,Noah Smith,66138,3
72,George Moore,60444,3
73,Ian Jackson,56330,7
74,Kelly Anderson,90265,10
75,Victor Miller,55604,10
76,Ryan Rodriguez,119984,2
77,Mia Wilson,90322,6
78,Yvonne Jones,102703,2
79,Xander Jackson,109259,9
80,Alice Johnson,81772,4
81,Thomas Jones,46349,4
82,Mia Brown,105443,6
83,Xander Hernandez,71115,9
84,Ian Williams,71992,8
85,Olivia Johnson,41921,10
86,Wendy Moore,80202,5
87,Paul Jones,70681,6
88,Bob Gonzalez,57590,8
89,Hannah Davis,65121,2
90,Ian Martin,44304,5
91,Kelly Martin,102991,10
92,Uma Smith,117716,1
93,Mia Jackson,103456,10
94,Xander Smith,119967,8
95,Alice Johnson,106640,4
96,David Jackson,108516,9
97,Bob Williams,51216,2
98,Olivia Williams,52993,9
99,Kelly Smith,57161,1
100,Kelly Anderson,40478,6
